{"cameraMode":{"drawMode":0,"name":"Shaded","section":"Shading Mode"},"sceneLighting":false,"audioPlay":false,"sceneViewState":{"m_AlwaysRefresh":false,"showFog":true,"showSkybox":false,"showFlares":true,"showImageEffects":true,"showParticleSystems":true,"showVisualEffectGraphs":true,"m_FxEnabled":true},"in2DMode":false,"pivot":{"x":-30.707231521606447,"y":-1.3054742813110352,"z":-0.5145587921142578},"rotation":{"x":-0.2958119213581085,"y":-0.0037282872945070268,"z":0.001156231970526278,"w":-0.9552299976348877},"size":3.646634578704834,"orthographic":false}