{"cameraMode":{"drawMode":0,"name":"Shaded","section":"Shading Mode"},"sceneLighting":true,"audioPlay":false,"sceneViewState":{"m_AlwaysRefresh":false,"showFog":true,"showSkybox":true,"showFlares":true,"showImageEffects":true,"showParticleSystems":true,"showVisualEffectGraphs":true,"m_FxEnabled":true},"in2DMode":false,"pivot":{"x":-97.77985382080078,"y":-52.39189147949219,"z":146.52134704589845},"rotation":{"x":-0.3200186491012573,"y":0.017617449164390565,"z":-0.005950357764959335,"w":-0.9472225308418274},"size":148.3950958251953,"orthographic":false}