{"cameraMode":{"drawMode":0,"name":"Shaded","section":"Shading Mode"},"sceneLighting":true,"audioPlay":false,"sceneViewState":{"m_AlwaysRefresh":false,"showFog":true,"showSkybox":true,"showFlares":true,"showImageEffects":true,"showParticleSystems":true,"showVisualEffectGraphs":true,"m_FxEnabled":true},"in2DMode":false,"pivot":{"x":41.56391525268555,"y":-43.57831573486328,"z":158.43902587890626},"rotation":{"x":-0.3200186491012573,"y":0.017617449164390565,"z":-0.005950357764959335,"w":-0.9472225308418274},"size":92.53330993652344,"orthographic":false}