{"cameraMode":{"drawMode":0,"name":"Shaded","section":"Shading Mode"},"sceneLighting":true,"audioPlay":false,"sceneViewState":{"m_AlwaysRefresh":false,"showFog":true,"showSkybox":true,"showFlares":true,"showImageEffects":true,"showParticleSystems":true,"showVisualEffectGraphs":true,"m_FxEnabled":true},"in2DMode":false,"pivot":{"x":14.455123901367188,"y":-27.04269027709961,"z":25.454814910888673},"rotation":{"x":-0.5472345948219299,"y":0.023091496899724008,"z":-0.015104486607015133,"w":-0.8365160226821899},"size":48.05906677246094,"orthographic":false}